task,disease_label,rep,fold,base_seed,outer_seed_used,outer_tries,inner_split_ok,inner_split_tries,inner_val_test_size,outer_train_n,outer_test_n,inner_train_n,inner_val_n,outer_train_counts_json,outer_test_counts_json,inner_train_counts_json,inner_val_counts_json,outer_train_samples_json,outer_test_samples_json,inner_train_samples_json,inner_val_samples_json,task_dir,selected_rep
stage1_MIL_Control_vs_Liver,Liver,7,1,6,10006,1,1,1,0.2,42,21,33,9,"{""Control"": 22, ""Liver"": 20}","{""Control"": 10, ""Liver"": 11}","{""Control"": 17, ""Liver"": 16}","{""Control"": 5, ""Liver"": 4}","[""2024Dec_Control-S10"", ""2024Dec_Control-S2"", ""2024Dec_Control-S4"", ""2024Dec_Control-S5"", ""2024Dec_Control-S7"", ""2024Dec_Control-S8"", ""2024Dec_Control-S9"", ""2024Dec_Liver-H10"", ""2024Dec_Liver-H2"", ""2024Dec_Liver-H4"", ""2024Dec_Liver-H6"", ""2024Dec_Liver-H7"", ""2024Dec_Liver-H9"", ""20250430S24"", ""20250430S26"", ""20250430S27"", ""20250430S29"", ""20250430S30"", ""20250430S32"", ""20250430S33"", ""20250430S34"", ""20250430S36"", ""20250430S37"", ""20250430S39"", ""2025Jan_Liver-B17"", ""2025Jan_Liver-B18"", ""2025Jan_Liver-B19"", ""2026Apr-2_Control-20260427S1"", ""2026Apr-2_Control-20260427S10"", ""2026Apr-2_Control-20260427S3"", ""2026Apr-2_Control-20260427S4"", ""2026Apr-2_Control-20260427S5"", ""2026Apr-2_Control-20260427S7"", ""2026Apr-2_Control-20260427S9"", ""2026Apr_Control-20260401S1"", ""2026Apr_Control-20260401S11"", ""2026Apr_Control-20260401S12"", ""2026Apr_Control-20260401S3"", ""2026Apr_Control-20260401S4"", ""2026Apr_Control-20260401S6"", ""2026Apr_Control-20260401S8"", ""2026Apr_Control-20260401S9""]","[""2024Dec_Control-S1"", ""2024Dec_Control-S3"", ""2024Dec_Control-S6"", ""2024Dec_Liver-H1"", ""2024Dec_Liver-H3"", ""2024Dec_Liver-H5"", ""2024Dec_Liver-H8"", ""20250430S25"", ""20250430S28"", ""20250430S31"", ""20250430S35"", ""20250430S38"", ""2025Jan_Liver-B15"", ""2025Jan_Liver-B20"", ""2026Apr-2_Control-20260427S2"", ""2026Apr-2_Control-20260427S6"", ""2026Apr-2_Control-20260427S8"", ""2026Apr_Control-20260401S10"", ""2026Apr_Control-20260401S2"", ""2026Apr_Control-20260401S5"", ""2026Apr_Control-20260401S7""]","[""2024Dec_Control-S10"", ""2024Dec_Control-S2"", ""2024Dec_Control-S4"", ""2024Dec_Control-S5"", ""2024Dec_Control-S7"", ""2024Dec_Control-S8"", ""2024Dec_Control-S9"", ""2024Dec_Liver-H2"", ""2024Dec_Liver-H4"", ""2024Dec_Liver-H6"", ""2024Dec_Liver-H7"", ""20250430S24"", ""20250430S26"", ""20250430S27"", ""20250430S29"", ""20250430S30"", ""20250430S32"", ""20250430S33"", ""20250430S36"", ""20250430S37"", ""20250430S39"", ""2025Jan_Liver-B18"", ""2025Jan_Liver-B19"", ""2026Apr-2_Control-20260427S10"", ""2026Apr-2_Control-20260427S4"", ""2026Apr-2_Control-20260427S5"", ""2026Apr-2_Control-20260427S7"", ""2026Apr-2_Control-20260427S9"", ""2026Apr_Control-20260401S1"", ""2026Apr_Control-20260401S3"", ""2026Apr_Control-20260401S6"", ""2026Apr_Control-20260401S8"", ""2026Apr_Control-20260401S9""]","[""2024Dec_Liver-H10"", ""2024Dec_Liver-H9"", ""20250430S34"", ""2025Jan_Liver-B17"", ""2026Apr-2_Control-20260427S1"", ""2026Apr-2_Control-20260427S3"", ""2026Apr_Control-20260401S11"", ""2026Apr_Control-20260401S12"", ""2026Apr_Control-20260401S4""]",CTRL_vs_Liver,7
stage1_MIL_Control_vs_Liver,Liver,7,2,6,10006,1,1,1,0.2,42,21,33,9,"{""Control"": 22, ""Liver"": 20}","{""Control"": 10, ""Liver"": 11}","{""Control"": 17, ""Liver"": 16}","{""Control"": 5, ""Liver"": 4}","[""2024Dec_Control-S1"", ""2024Dec_Control-S2"", ""2024Dec_Control-S3"", ""2024Dec_Control-S5"", ""2024Dec_Control-S6"", ""2024Dec_Control-S8"", ""2024Dec_Control-S9"", ""2024Dec_Liver-H1"", ""2024Dec_Liver-H3"", ""2024Dec_Liver-H4"", ""2024Dec_Liver-H5"", ""2024Dec_Liver-H7"", ""2024Dec_Liver-H8"", ""20250430S24"", ""20250430S25"", ""20250430S27"", ""20250430S28"", ""20250430S30"", ""20250430S31"", ""20250430S33"", ""20250430S34"", ""20250430S35"", ""20250430S38"", ""20250430S39"", ""2025Jan_Liver-B15"", ""2025Jan_Liver-B18"", ""2025Jan_Liver-B20"", ""2026Apr-2_Control-20260427S1"", ""2026Apr-2_Control-20260427S10"", ""2026Apr-2_Control-20260427S2"", ""2026Apr-2_Control-20260427S5"", ""2026Apr-2_Control-20260427S6"", ""2026Apr-2_Control-20260427S8"", ""2026Apr-2_Control-20260427S9"", ""2026Apr_Control-20260401S1"", ""2026Apr_Control-20260401S10"", ""2026Apr_Control-20260401S11"", ""2026Apr_Control-20260401S2"", ""2026Apr_Control-20260401S5"", ""2026Apr_Control-20260401S6"", ""2026Apr_Control-20260401S7"", ""2026Apr_Control-20260401S9""]","[""2024Dec_Control-S10"", ""2024Dec_Control-S4"", ""2024Dec_Control-S7"", ""2024Dec_Liver-H10"", ""2024Dec_Liver-H2"", ""2024Dec_Liver-H6"", ""2024Dec_Liver-H9"", ""20250430S26"", ""20250430S29"", ""20250430S32"", ""20250430S36"", ""20250430S37"", ""2025Jan_Liver-B17"", ""2025Jan_Liver-B19"", ""2026Apr-2_Control-20260427S3"", ""2026Apr-2_Control-20260427S4"", ""2026Apr-2_Control-20260427S7"", ""2026Apr_Control-20260401S12"", ""2026Apr_Control-20260401S3"", ""2026Apr_Control-20260401S4"", ""2026Apr_Control-20260401S8""]","[""2024Dec_Control-S1"", ""2024Dec_Control-S2"", ""2024Dec_Control-S3"", ""2024Dec_Control-S5"", ""2024Dec_Control-S6"", ""2024Dec_Control-S8"", ""2024Dec_Control-S9"", ""2024Dec_Liver-H3"", ""2024Dec_Liver-H4"", ""2024Dec_Liver-H5"", ""2024Dec_Liver-H7"", ""20250430S24"", ""20250430S25"", ""20250430S27"", ""20250430S28"", ""20250430S30"", ""20250430S31"", ""20250430S33"", ""20250430S35"", ""20250430S38"", ""20250430S39"", ""2025Jan_Liver-B18"", ""2025Jan_Liver-B20"", ""2026Apr-2_Control-20260427S10"", ""2026Apr-2_Control-20260427S5"", ""2026Apr-2_Control-20260427S6"", ""2026Apr-2_Control-20260427S8"", ""2026Apr-2_Control-20260427S9"", ""2026Apr_Control-20260401S1"", ""2026Apr_Control-20260401S2"", ""2026Apr_Control-20260401S6"", ""2026Apr_Control-20260401S7"", ""2026Apr_Control-20260401S9""]","[""2024Dec_Liver-H1"", ""2024Dec_Liver-H8"", ""20250430S34"", ""2025Jan_Liver-B15"", ""2026Apr-2_Control-20260427S1"", ""2026Apr-2_Control-20260427S2"", ""2026Apr_Control-20260401S10"", ""2026Apr_Control-20260401S11"", ""2026Apr_Control-20260401S5""]",CTRL_vs_Liver,7
stage1_MIL_Control_vs_Liver,Liver,7,3,6,10006,1,1,1,0.2,42,21,33,9,"{""Control"": 20, ""Liver"": 22}","{""Control"": 12, ""Liver"": 9}","{""Control"": 16, ""Liver"": 17}","{""Control"": 4, ""Liver"": 5}","[""2024Dec_Control-S1"", ""2024Dec_Control-S10"", ""2024Dec_Control-S3"", ""2024Dec_Control-S4"", ""2024Dec_Control-S6"", ""2024Dec_Control-S7"", ""2024Dec_Liver-H1"", ""2024Dec_Liver-H10"", ""2024Dec_Liver-H2"", ""2024Dec_Liver-H3"", ""2024Dec_Liver-H5"", ""2024Dec_Liver-H6"", ""2024Dec_Liver-H8"", ""2024Dec_Liver-H9"", ""20250430S25"", ""20250430S26"", ""20250430S28"", ""20250430S29"", ""20250430S31"", ""20250430S32"", ""20250430S35"", ""20250430S36"", ""20250430S37"", ""20250430S38"", ""2025Jan_Liver-B15"", ""2025Jan_Liver-B17"", ""2025Jan_Liver-B19"", ""2025Jan_Liver-B20"", ""2026Apr-2_Control-20260427S2"", ""2026Apr-2_Control-20260427S3"", ""2026Apr-2_Control-20260427S4"", ""2026Apr-2_Control-20260427S6"", ""2026Apr-2_Control-20260427S7"", ""2026Apr-2_Control-20260427S8"", ""2026Apr_Control-20260401S10"", ""2026Apr_Control-20260401S12"", ""2026Apr_Control-20260401S2"", ""2026Apr_Control-20260401S3"", ""2026Apr_Control-20260401S4"", ""2026Apr_Control-20260401S5"", ""2026Apr_Control-20260401S7"", ""2026Apr_Control-20260401S8""]","[""2024Dec_Control-S2"", ""2024Dec_Control-S5"", ""2024Dec_Control-S8"", ""2024Dec_Control-S9"", ""2024Dec_Liver-H4"", ""2024Dec_Liver-H7"", ""20250430S24"", ""20250430S27"", ""20250430S30"", ""20250430S33"", ""20250430S34"", ""20250430S39"", ""2025Jan_Liver-B18"", ""2026Apr-2_Control-20260427S1"", ""2026Apr-2_Control-20260427S10"", ""2026Apr-2_Control-20260427S5"", ""2026Apr-2_Control-20260427S9"", ""2026Apr_Control-20260401S1"", ""2026Apr_Control-20260401S11"", ""2026Apr_Control-20260401S6"", ""2026Apr_Control-20260401S9""]","[""2024Dec_Control-S1"", ""2024Dec_Control-S10"", ""2024Dec_Control-S3"", ""2024Dec_Control-S4"", ""2024Dec_Control-S6"", ""2024Dec_Control-S7"", ""2024Dec_Liver-H10"", ""2024Dec_Liver-H2"", ""2024Dec_Liver-H3"", ""2024Dec_Liver-H5"", ""2024Dec_Liver-H8"", ""2024Dec_Liver-H9"", ""20250430S25"", ""20250430S26"", ""20250430S28"", ""20250430S29"", ""20250430S31"", ""20250430S32"", ""20250430S35"", ""20250430S36"", ""2025Jan_Liver-B17"", ""2025Jan_Liver-B19"", ""2025Jan_Liver-B20"", ""2026Apr-2_Control-20260427S2"", ""2026Apr-2_Control-20260427S3"", ""2026Apr-2_Control-20260427S4"", ""2026Apr-2_Control-20260427S7"", ""2026Apr-2_Control-20260427S8"", ""2026Apr_Control-20260401S10"", ""2026Apr_Control-20260401S12"", ""2026Apr_Control-20260401S2"", ""2026Apr_Control-20260401S5"", ""2026Apr_Control-20260401S8""]","[""2024Dec_Liver-H1"", ""2024Dec_Liver-H6"", ""20250430S37"", ""20250430S38"", ""2025Jan_Liver-B15"", ""2026Apr-2_Control-20260427S6"", ""2026Apr_Control-20260401S3"", ""2026Apr_Control-20260401S4"", ""2026Apr_Control-20260401S7""]",CTRL_vs_Liver,7
stage1_MIL_Control_vs_Bile,Bile,5,1,4,10004,1,1,1,0.2,47,24,37,10,"{""Control"": 22, ""Bile"": 25}","{""Control"": 10, ""Bile"": 14}","{""Control"": 17, ""Bile"": 20}","{""Control"": 5, ""Bile"": 5}","[""2024Dec_Bile-S10"", ""2024Dec_Bile-S2"", ""2024Dec_Bile-S4"", ""2024Dec_Bile-S5"", ""2024Dec_Bile-S7"", ""2024Dec_Bile-S8"", ""2024Dec_Control-S1"", ""2024Dec_Control-S10"", ""2024Dec_Control-S3"", ""2024Dec_Control-S4"", ""2024Dec_Control-S5"", ""2024Dec_Control-S7"", ""2024Dec_Control-S9"", ""20250430S1"", ""20250430S11"", ""20250430S12"", ""20250430S13"", ""20250430S14"", ""20250430S17"", ""20250430S18"", ""20250430S2"", ""20250430S20"", ""20250430S21"", ""20250430S23"", ""20250430S3"", ""20250430S5"", ""20250430S7"", ""20250430S8"", ""2025Jan_Bile-B21"", ""2025Jan_Bile-B23"", ""2025Jan_Bile-B25"", ""2025Jan_Bile-B26"", ""2026Apr-2_Control-20260427S1"", ""2026Apr-2_Control-20260427S10"", ""2026Apr-2_Control-20260427S3"", ""2026Apr-2_Control-20260427S4"", ""2026Apr-2_Control-20260427S6"", ""2026Apr-2_Control-20260427S7"", ""2026Apr-2_Control-20260427S9"", ""2026Apr_Control-20260401S1"", ""2026Apr_Control-20260401S11"", ""2026Apr_Control-20260401S12"", ""2026Apr_Control-20260401S3"", ""2026Apr_Control-20260401S4"", ""2026Apr_Control-20260401S6"", ""2026Apr_Control-20260401S7"", ""2026Apr_Control-20260401S9""]","[""2024Dec_Bile-S1"", ""2024Dec_Bile-S3"", ""2024Dec_Bile-S6"", ""2024Dec_Bile-S9"", ""2024Dec_Control-S2"", ""2024Dec_Control-S6"", ""2024Dec_Control-S8"", ""20250430S10"", ""20250430S15"", ""20250430S16"", ""20250430S19"", ""20250430S22"", ""20250430S4"", ""20250430S6"", ""20250430S9"", ""2025Jan_Bile-B24"", ""2025Jan_Bile-B27"", ""2026Apr-2_Control-20260427S2"", ""2026Apr-2_Control-20260427S5"", ""2026Apr-2_Control-20260427S8"", ""2026Apr_Control-20260401S10"", ""2026Apr_Control-20260401S2"", ""2026Apr_Control-20260401S5"", ""2026Apr_Control-20260401S8""]","[""2024Dec_Bile-S4"", ""2024Dec_Bile-S5"", ""2024Dec_Bile-S7"", ""2024Dec_Bile-S8"", ""2024Dec_Control-S1"", ""2024Dec_Control-S10"", ""2024Dec_Control-S3"", ""2024Dec_Control-S4"", ""2024Dec_Control-S5"", ""2024Dec_Control-S7"", ""20250430S1"", ""20250430S11"", ""20250430S12"", ""20250430S13"", ""20250430S14"", ""20250430S17"", ""20250430S18"", ""20250430S2"", ""20250430S21"", ""20250430S3"", ""20250430S5"", ""20250430S7"", ""2025Jan_Bile-B21"", ""2025Jan_Bile-B23"", ""2025Jan_Bile-B25"", ""2025Jan_Bile-B26"", ""2026Apr-2_Control-20260427S1"", ""2026Apr-2_Control-20260427S10"", ""2026Apr-2_Control-20260427S3"", ""2026Apr-2_Control-20260427S6"", ""2026Apr-2_Control-20260427S7"", ""2026Apr-2_Control-20260427S9"", ""2026Apr_Control-20260401S11"", ""2026Apr_Control-20260401S12"", ""2026Apr_Control-20260401S4"", ""2026Apr_Control-20260401S6"", ""2026Apr_Control-20260401S9""]","[""2024Dec_Bile-S10"", ""2024Dec_Bile-S2"", ""2024Dec_Control-S9"", ""20250430S20"", ""20250430S23"", ""20250430S8"", ""2026Apr-2_Control-20260427S4"", ""2026Apr_Control-20260401S1"", ""2026Apr_Control-20260401S3"", ""2026Apr_Control-20260401S7""]",CTRL_vs_Bile,5
stage1_MIL_Control_vs_Bile,Bile,5,2,4,10004,1,1,1,0.2,48,23,38,10,"{""Control"": 21, ""Bile"": 27}","{""Control"": 11, ""Bile"": 12}","{""Control"": 17, ""Bile"": 21}","{""Control"": 4, ""Bile"": 6}","[""2024Dec_Bile-S1"", ""2024Dec_Bile-S2"", ""2024Dec_Bile-S3"", ""2024Dec_Bile-S5"", ""2024Dec_Bile-S6"", ""2024Dec_Bile-S7"", ""2024Dec_Bile-S9"", ""2024Dec_Control-S10"", ""2024Dec_Control-S2"", ""2024Dec_Control-S4"", ""2024Dec_Control-S5"", ""2024Dec_Control-S6"", ""2024Dec_Control-S8"", ""20250430S1"", ""20250430S10"", ""20250430S12"", ""20250430S14"", ""20250430S15"", ""20250430S16"", ""20250430S18"", ""20250430S19"", ""20250430S20"", ""20250430S21"", ""20250430S22"", ""20250430S4"", ""20250430S5"", ""20250430S6"", ""20250430S7"", ""20250430S9"", ""2025Jan_Bile-B23"", ""2025Jan_Bile-B24"", ""2025Jan_Bile-B26"", ""2025Jan_Bile-B27"", ""2026Apr-2_Control-20260427S10"", ""2026Apr-2_Control-20260427S2"", ""2026Apr-2_Control-20260427S4"", ""2026Apr-2_Control-20260427S5"", ""2026Apr-2_Control-20260427S7"", ""2026Apr-2_Control-20260427S8"", ""2026Apr_Control-20260401S1"", ""2026Apr_Control-20260401S10"", ""2026Apr_Control-20260401S12"", ""2026Apr_Control-20260401S2"", ""2026Apr_Control-20260401S4"", ""2026Apr_Control-20260401S5"", ""2026Apr_Control-20260401S7"", ""2026Apr_Control-20260401S8"", ""2026Apr_Control-20260401S9""]","[""2024Dec_Bile-S10"", ""2024Dec_Bile-S4"", ""2024Dec_Bile-S8"", ""2024Dec_Control-S1"", ""2024Dec_Control-S3"", ""2024Dec_Control-S7"", ""2024Dec_Control-S9"", ""20250430S11"", ""20250430S13"", ""20250430S17"", ""20250430S2"", ""20250430S23"", ""20250430S3"", ""20250430S8"", ""2025Jan_Bile-B21"", ""2025Jan_Bile-B25"", ""2026Apr-2_Control-20260427S1"", ""2026Apr-2_Control-20260427S3"", ""2026Apr-2_Control-20260427S6"", ""2026Apr-2_Control-20260427S9"", ""2026Apr_Control-20260401S11"", ""2026Apr_Control-20260401S3"", ""2026Apr_Control-20260401S6""]","[""2024Dec_Bile-S5"", ""2024Dec_Bile-S6"", ""2024Dec_Bile-S7"", ""2024Dec_Bile-S9"", ""2024Dec_Control-S10"", ""2024Dec_Control-S2"", ""2024Dec_Control-S4"", ""2024Dec_Control-S5"", ""2024Dec_Control-S6"", ""2024Dec_Control-S8"", ""20250430S1"", ""20250430S10"", ""20250430S12"", ""20250430S14"", ""20250430S15"", ""20250430S16"", ""20250430S18"", ""20250430S20"", ""20250430S22"", ""20250430S4"", ""20250430S5"", ""20250430S7"", ""20250430S9"", ""2025Jan_Bile-B23"", ""2025Jan_Bile-B24"", ""2025Jan_Bile-B26"", ""2025Jan_Bile-B27"", ""2026Apr-2_Control-20260427S2"", ""2026Apr-2_Control-20260427S4"", ""2026Apr-2_Control-20260427S5"", ""2026Apr-2_Control-20260427S8"", ""2026Apr_Control-20260401S1"", ""2026Apr_Control-20260401S10"", ""2026Apr_Control-20260401S2"", ""2026Apr_Control-20260401S4"", ""2026Apr_Control-20260401S5"", ""2026Apr_Control-20260401S7"", ""2026Apr_Control-20260401S8""]","[""2024Dec_Bile-S1"", ""2024Dec_Bile-S2"", ""2024Dec_Bile-S3"", ""20250430S19"", ""20250430S21"", ""20250430S6"", ""2026Apr-2_Control-20260427S10"", ""2026Apr-2_Control-20260427S7"", ""2026Apr_Control-20260401S12"", ""2026Apr_Control-20260401S9""]",CTRL_vs_Bile,5
stage1_MIL_Control_vs_Bile,Bile,5,3,4,10004,1,1,1,0.2,47,24,37,10,"{""Control"": 21, ""Bile"": 26}","{""Control"": 11, ""Bile"": 13}","{""Control"": 17, ""Bile"": 20}","{""Control"": 4, ""Bile"": 6}","[""2024Dec_Bile-S1"", ""2024Dec_Bile-S10"", ""2024Dec_Bile-S3"", ""2024Dec_Bile-S4"", ""2024Dec_Bile-S6"", ""2024Dec_Bile-S8"", ""2024Dec_Bile-S9"", ""2024Dec_Control-S1"", ""2024Dec_Control-S2"", ""2024Dec_Control-S3"", ""2024Dec_Control-S6"", ""2024Dec_Control-S7"", ""2024Dec_Control-S8"", ""2024Dec_Control-S9"", ""20250430S10"", ""20250430S11"", ""20250430S13"", ""20250430S15"", ""20250430S16"", ""20250430S17"", ""20250430S19"", ""20250430S2"", ""20250430S22"", ""20250430S23"", ""20250430S3"", ""20250430S4"", ""20250430S6"", ""20250430S8"", ""20250430S9"", ""2025Jan_Bile-B21"", ""2025Jan_Bile-B24"", ""2025Jan_Bile-B25"", ""2025Jan_Bile-B27"", ""2026Apr-2_Control-20260427S1"", ""2026Apr-2_Control-20260427S2"", ""2026Apr-2_Control-20260427S3"", ""2026Apr-2_Control-20260427S5"", ""2026Apr-2_Control-20260427S6"", ""2026Apr-2_Control-20260427S8"", ""2026Apr-2_Control-20260427S9"", ""2026Apr_Control-20260401S10"", ""2026Apr_Control-20260401S11"", ""2026Apr_Control-20260401S2"", ""2026Apr_Control-20260401S3"", ""2026Apr_Control-20260401S5"", ""2026Apr_Control-20260401S6"", ""2026Apr_Control-20260401S8""]","[""2024Dec_Bile-S2"", ""2024Dec_Bile-S5"", ""2024Dec_Bile-S7"", ""2024Dec_Control-S10"", ""2024Dec_Control-S4"", ""2024Dec_Control-S5"", ""20250430S1"", ""20250430S12"", ""20250430S14"", ""20250430S18"", ""20250430S20"", ""20250430S21"", ""20250430S5"", ""20250430S7"", ""2025Jan_Bile-B23"", ""2025Jan_Bile-B26"", ""2026Apr-2_Control-20260427S10"", ""2026Apr-2_Control-20260427S4"", ""2026Apr-2_Control-20260427S7"", ""2026Apr_Control-20260401S1"", ""2026Apr_Control-20260401S12"", ""2026Apr_Control-20260401S4"", ""2026Apr_Control-20260401S7"", ""2026Apr_Control-20260401S9""]","[""2024Dec_Bile-S4"", ""2024Dec_Bile-S6"", ""2024Dec_Bile-S8"", ""2024Dec_Bile-S9"", ""2024Dec_Control-S1"", ""2024Dec_Control-S2"", ""2024Dec_Control-S3"", ""2024Dec_Control-S6"", ""2024Dec_Control-S7"", ""2024Dec_Control-S8"", ""20250430S10"", ""20250430S11"", ""20250430S13"", ""20250430S15"", ""20250430S16"", ""20250430S17"", ""20250430S19"", ""20250430S22"", ""20250430S3"", ""20250430S4"", ""20250430S6"", ""20250430S9"", ""2025Jan_Bile-B21"", ""2025Jan_Bile-B24"", ""2025Jan_Bile-B25"", ""2025Jan_Bile-B27"", ""2026Apr-2_Control-20260427S1"", ""2026Apr-2_Control-20260427S2"", ""2026Apr-2_Control-20260427S3"", ""2026Apr-2_Control-20260427S6"", ""2026Apr-2_Control-20260427S8"", ""2026Apr-2_Control-20260427S9"", ""2026Apr_Control-20260401S11"", ""2026Apr_Control-20260401S2"", ""2026Apr_Control-20260401S3"", ""2026Apr_Control-20260401S5"", ""2026Apr_Control-20260401S6""]","[""2024Dec_Bile-S1"", ""2024Dec_Bile-S10"", ""2024Dec_Bile-S3"", ""2024Dec_Control-S9"", ""20250430S2"", ""20250430S23"", ""20250430S8"", ""2026Apr-2_Control-20260427S5"", ""2026Apr_Control-20260401S10"", ""2026Apr_Control-20260401S8""]",CTRL_vs_Bile,5
stage1_MIL_Control_vs_Pancreas,Pancreas,3,1,2,10002,1,1,1,0.2,38,19,30,8,"{""Control"": 21, ""Pancreas"": 17}","{""Control"": 11, ""Pancreas"": 8}","{""Control"": 17, ""Pancreas"": 13}","{""Control"": 4, ""Pancreas"": 4}","[""2024Dec_Control-S10"", ""2024Dec_Control-S2"", ""2024Dec_Control-S4"", ""2024Dec_Control-S5"", ""2024Dec_Control-S7"", ""2024Dec_Control-S8"", ""20250430S40"", ""20250430S41"", ""20250430S42"", ""20250430S43"", ""20250430S46"", ""20250430S47"", ""20250430S49"", ""20250430S50"", ""2025Jan_Pancreas-B1"", ""2025Jan_Pancreas-B11"", ""2025Jan_Pancreas-B13"", ""2025Jan_Pancreas-B14"", ""2025Jan_Pancreas-B2"", ""2025Jan_Pancreas-B4"", ""2025Jan_Pancreas-B5"", ""2025Jan_Pancreas-B7"", ""2025Jan_Pancreas-B8"", ""2026Apr-2_Control-20260427S1"", ""2026Apr-2_Control-20260427S2"", ""2026Apr-2_Control-20260427S3"", ""2026Apr-2_Control-20260427S5"", ""2026Apr-2_Control-20260427S6"", ""2026Apr-2_Control-20260427S7"", ""2026Apr-2_Control-20260427S9"", ""2026Apr_Control-20260401S1"", ""2026Apr_Control-20260401S11"", ""2026Apr_Control-20260401S2"", ""2026Apr_Control-20260401S3"", ""2026Apr_Control-20260401S5"", ""2026Apr_Control-20260401S6"", ""2026Apr_Control-20260401S8"", ""2026Apr_Control-20260401S9""]","[""2024Dec_Control-S1"", ""2024Dec_Control-S3"", ""2024Dec_Control-S6"", ""2024Dec_Control-S9"", ""20250430S44"", ""20250430S45"", ""20250430S48"", ""2025Jan_Pancreas-B10"", ""2025Jan_Pancreas-B12"", ""2025Jan_Pancreas-B3"", ""2025Jan_Pancreas-B6"", ""2025Jan_Pancreas-B9"", ""2026Apr-2_Control-20260427S10"", ""2026Apr-2_Control-20260427S4"", ""2026Apr-2_Control-20260427S8"", ""2026Apr_Control-20260401S10"", ""2026Apr_Control-20260401S12"", ""2026Apr_Control-20260401S4"", ""2026Apr_Control-20260401S7""]","[""2024Dec_Control-S10"", ""2024Dec_Control-S2"", ""2024Dec_Control-S4"", ""2024Dec_Control-S5"", ""2024Dec_Control-S7"", ""2024Dec_Control-S8"", ""20250430S40"", ""20250430S41"", ""20250430S42"", ""20250430S43"", ""20250430S47"", ""20250430S49"", ""2025Jan_Pancreas-B11"", ""2025Jan_Pancreas-B13"", ""2025Jan_Pancreas-B14"", ""2025Jan_Pancreas-B2"", ""2025Jan_Pancreas-B5"", ""2025Jan_Pancreas-B7"", ""2025Jan_Pancreas-B8"", ""2026Apr-2_Control-20260427S1"", ""2026Apr-2_Control-20260427S2"", ""2026Apr-2_Control-20260427S3"", ""2026Apr-2_Control-20260427S6"", ""2026Apr-2_Control-20260427S7"", ""2026Apr_Control-20260401S1"", ""2026Apr_Control-20260401S11"", ""2026Apr_Control-20260401S2"", ""2026Apr_Control-20260401S3"", ""2026Apr_Control-20260401S8"", ""2026Apr_Control-20260401S9""]","[""20250430S46"", ""20250430S50"", ""2025Jan_Pancreas-B1"", ""2025Jan_Pancreas-B4"", ""2026Apr-2_Control-20260427S5"", ""2026Apr-2_Control-20260427S9"", ""2026Apr_Control-20260401S5"", ""2026Apr_Control-20260401S6""]",CTRL_vs_Pancreas,3
stage1_MIL_Control_vs_Pancreas,Pancreas,3,2,2,10002,1,1,1,0.2,38,19,30,8,"{""Control"": 22, ""Pancreas"": 16}","{""Control"": 10, ""Pancreas"": 9}","{""Control"": 17, ""Pancreas"": 13}","{""Control"": 5, ""Pancreas"": 3}","[""2024Dec_Control-S1"", ""2024Dec_Control-S2"", ""2024Dec_Control-S3"", ""2024Dec_Control-S5"", ""2024Dec_Control-S6"", ""2024Dec_Control-S7"", ""2024Dec_Control-S9"", ""20250430S41"", ""20250430S43"", ""20250430S44"", ""20250430S45"", ""20250430S47"", ""20250430S48"", ""20250430S50"", ""2025Jan_Pancreas-B10"", ""2025Jan_Pancreas-B11"", ""2025Jan_Pancreas-B12"", ""2025Jan_Pancreas-B14"", ""2025Jan_Pancreas-B2"", ""2025Jan_Pancreas-B3"", ""2025Jan_Pancreas-B5"", ""2025Jan_Pancreas-B6"", ""2025Jan_Pancreas-B9"", ""2026Apr-2_Control-20260427S1"", ""2026Apr-2_Control-20260427S10"", ""2026Apr-2_Control-20260427S2"", ""2026Apr-2_Control-20260427S4"", ""2026Apr-2_Control-20260427S5"", ""2026Apr-2_Control-20260427S8"", ""2026Apr-2_Control-20260427S9"", ""2026Apr_Control-20260401S1"", ""2026Apr_Control-20260401S10"", ""2026Apr_Control-20260401S12"", ""2026Apr_Control-20260401S3"", ""2026Apr_Control-20260401S4"", ""2026Apr_Control-20260401S6"", ""2026Apr_Control-20260401S7"", ""2026Apr_Control-20260401S9""]","[""2024Dec_Control-S10"", ""2024Dec_Control-S4"", ""2024Dec_Control-S8"", ""20250430S40"", ""20250430S42"", ""20250430S46"", ""20250430S49"", ""2025Jan_Pancreas-B1"", ""2025Jan_Pancreas-B13"", ""2025Jan_Pancreas-B4"", ""2025Jan_Pancreas-B7"", ""2025Jan_Pancreas-B8"", ""2026Apr-2_Control-20260427S3"", ""2026Apr-2_Control-20260427S6"", ""2026Apr-2_Control-20260427S7"", ""2026Apr_Control-20260401S11"", ""2026Apr_Control-20260401S2"", ""2026Apr_Control-20260401S5"", ""2026Apr_Control-20260401S8""]","[""2024Dec_Control-S1"", ""2024Dec_Control-S2"", ""2024Dec_Control-S3"", ""2024Dec_Control-S5"", ""2024Dec_Control-S7"", ""2024Dec_Control-S9"", ""20250430S41"", ""20250430S43"", ""20250430S44"", ""20250430S45"", ""20250430S47"", ""20250430S48"", ""20250430S50"", ""2025Jan_Pancreas-B12"", ""2025Jan_Pancreas-B14"", ""2025Jan_Pancreas-B2"", ""2025Jan_Pancreas-B3"", ""2025Jan_Pancreas-B6"", ""2025Jan_Pancreas-B9"", ""2026Apr-2_Control-20260427S1"", ""2026Apr-2_Control-20260427S10"", ""2026Apr-2_Control-20260427S4"", ""2026Apr-2_Control-20260427S5"", ""2026Apr-2_Control-20260427S9"", ""2026Apr_Control-20260401S1"", ""2026Apr_Control-20260401S10"", ""2026Apr_Control-20260401S12"", ""2026Apr_Control-20260401S6"", ""2026Apr_Control-20260401S7"", ""2026Apr_Control-20260401S9""]","[""2024Dec_Control-S6"", ""2025Jan_Pancreas-B10"", ""2025Jan_Pancreas-B11"", ""2025Jan_Pancreas-B5"", ""2026Apr-2_Control-20260427S2"", ""2026Apr-2_Control-20260427S8"", ""2026Apr_Control-20260401S3"", ""2026Apr_Control-20260401S4""]",CTRL_vs_Pancreas,3
stage1_MIL_Control_vs_Pancreas,Pancreas,3,3,2,10002,1,1,1,0.2,38,19,30,8,"{""Control"": 21, ""Pancreas"": 17}","{""Control"": 11, ""Pancreas"": 8}","{""Control"": 17, ""Pancreas"": 13}","{""Control"": 4, ""Pancreas"": 4}","[""2024Dec_Control-S1"", ""2024Dec_Control-S10"", ""2024Dec_Control-S3"", ""2024Dec_Control-S4"", ""2024Dec_Control-S6"", ""2024Dec_Control-S8"", ""2024Dec_Control-S9"", ""20250430S40"", ""20250430S42"", ""20250430S44"", ""20250430S45"", ""20250430S46"", ""20250430S48"", ""20250430S49"", ""2025Jan_Pancreas-B1"", ""2025Jan_Pancreas-B10"", ""2025Jan_Pancreas-B12"", ""2025Jan_Pancreas-B13"", ""2025Jan_Pancreas-B3"", ""2025Jan_Pancreas-B4"", ""2025Jan_Pancreas-B6"", ""2025Jan_Pancreas-B7"", ""2025Jan_Pancreas-B8"", ""2025Jan_Pancreas-B9"", ""2026Apr-2_Control-20260427S10"", ""2026Apr-2_Control-20260427S3"", ""2026Apr-2_Control-20260427S4"", ""2026Apr-2_Control-20260427S6"", ""2026Apr-2_Control-20260427S7"", ""2026Apr-2_Control-20260427S8"", ""2026Apr_Control-20260401S10"", ""2026Apr_Control-20260401S11"", ""2026Apr_Control-20260401S12"", ""2026Apr_Control-20260401S2"", ""2026Apr_Control-20260401S4"", ""2026Apr_Control-20260401S5"", ""2026Apr_Control-20260401S7"", ""2026Apr_Control-20260401S8""]","[""2024Dec_Control-S2"", ""2024Dec_Control-S5"", ""2024Dec_Control-S7"", ""20250430S41"", ""20250430S43"", ""20250430S47"", ""20250430S50"", ""2025Jan_Pancreas-B11"", ""2025Jan_Pancreas-B14"", ""2025Jan_Pancreas-B2"", ""2025Jan_Pancreas-B5"", ""2026Apr-2_Control-20260427S1"", ""2026Apr-2_Control-20260427S2"", ""2026Apr-2_Control-20260427S5"", ""2026Apr-2_Control-20260427S9"", ""2026Apr_Control-20260401S1"", ""2026Apr_Control-20260401S3"", ""2026Apr_Control-20260401S6"", ""2026Apr_Control-20260401S9""]","[""2024Dec_Control-S1"", ""2024Dec_Control-S10"", ""2024Dec_Control-S3"", ""2024Dec_Control-S4"", ""2024Dec_Control-S6"", ""2024Dec_Control-S8"", ""2024Dec_Control-S9"", ""20250430S40"", ""20250430S42"", ""20250430S44"", ""20250430S45"", ""20250430S48"", ""20250430S49"", ""2025Jan_Pancreas-B12"", ""2025Jan_Pancreas-B13"", ""2025Jan_Pancreas-B3"", ""2025Jan_Pancreas-B4"", ""2025Jan_Pancreas-B7"", ""2025Jan_Pancreas-B8"", ""2025Jan_Pancreas-B9"", ""2026Apr-2_Control-20260427S10"", ""2026Apr-2_Control-20260427S3"", ""2026Apr-2_Control-20260427S6"", ""2026Apr-2_Control-20260427S7"", ""2026Apr_Control-20260401S10"", ""2026Apr_Control-20260401S11"", ""2026Apr_Control-20260401S12"", ""2026Apr_Control-20260401S2"", ""2026Apr_Control-20260401S7"", ""2026Apr_Control-20260401S8""]","[""20250430S46"", ""2025Jan_Pancreas-B1"", ""2025Jan_Pancreas-B10"", ""2025Jan_Pancreas-B6"", ""2026Apr-2_Control-20260427S4"", ""2026Apr-2_Control-20260427S8"", ""2026Apr_Control-20260401S4"", ""2026Apr_Control-20260401S5""]",CTRL_vs_Pancreas,3
