task,disease,selected_rep,fold,base_seed,final_seed,outer_train_json,outer_test_json,w_all,w_fp,w_ch,T,all_n_pc,all_C,all_gamma,fp_n_pc,fp_C,fp_gamma,ch_n_pc,ch_C,ch_gamma,expected_acc,expected_bal_acc,expected_macro_f1,expected_auc,expected_cm_flat
control_vs_Liver,Liver,1,1,0,301,"[""2024Dec_Control-S10"", ""2024Dec_Control-S2"", ""2024Dec_Control-S3"", ""2024Dec_Control-S5"", ""2024Dec_Control-S7"", ""2024Dec_Control-S8"", ""2024Dec_Liver-H1"", ""2024Dec_Liver-H10"", ""2024Dec_Liver-H3"", ""2024Dec_Liver-H4"", ""2024Dec_Liver-H6"", ""2024Dec_Liver-H7"", ""2024Dec_Liver-H9"", ""20250430S24"", ""20250430S26"", ""20250430S27"", ""20250430S29"", ""20250430S30"", ""20250430S32"", ""20250430S33"", ""20250430S35"", ""20250430S36"", ""20250430S37"", ""20250430S39"", ""2025Jan_Liver-B15"", ""2025Jan_Liver-B18"", ""2025Jan_Liver-B19"", ""2026Apr-2_Control-20260427S1"", ""2026Apr-2_Control-20260427S2"", ""2026Apr-2_Control-20260427S3"", ""2026Apr-2_Control-20260427S5"", ""2026Apr-2_Control-20260427S6"", ""2026Apr-2_Control-20260427S8"", ""2026Apr-2_Control-20260427S9"", ""2026Apr_Control-20260401S10"", ""2026Apr_Control-20260401S11"", ""2026Apr_Control-20260401S2"", ""2026Apr_Control-20260401S3"", ""2026Apr_Control-20260401S4"", ""2026Apr_Control-20260401S6"", ""2026Apr_Control-20260401S8"", ""2026Apr_Control-20260401S9""]","[""2024Dec_Control-S1"", ""2024Dec_Control-S4"", ""2024Dec_Control-S6"", ""2024Dec_Control-S9"", ""2024Dec_Liver-H2"", ""2024Dec_Liver-H5"", ""2024Dec_Liver-H8"", ""20250430S25"", ""20250430S28"", ""20250430S31"", ""20250430S34"", ""20250430S38"", ""2025Jan_Liver-B17"", ""2025Jan_Liver-B20"", ""2026Apr-2_Control-20260427S10"", ""2026Apr-2_Control-20260427S4"", ""2026Apr-2_Control-20260427S7"", ""2026Apr_Control-20260401S1"", ""2026Apr_Control-20260401S12"", ""2026Apr_Control-20260401S5"", ""2026Apr_Control-20260401S7""]",0.0,0.0,1.0,0.7,100,10.0,scale,200,10.0,scale,84,1.0,scale,1.0,1.0,1.0,1.0,"11,0,0,10"
control_vs_Liver,Liver,1,2,0,302,"[""2024Dec_Control-S1"", ""2024Dec_Control-S2"", ""2024Dec_Control-S4"", ""2024Dec_Control-S5"", ""2024Dec_Control-S6"", ""2024Dec_Control-S8"", ""2024Dec_Control-S9"", ""2024Dec_Liver-H10"", ""2024Dec_Liver-H2"", ""2024Dec_Liver-H4"", ""2024Dec_Liver-H5"", ""2024Dec_Liver-H7"", ""2024Dec_Liver-H8"", ""20250430S24"", ""20250430S25"", ""20250430S27"", ""20250430S28"", ""20250430S29"", ""20250430S31"", ""20250430S33"", ""20250430S34"", ""20250430S36"", ""20250430S37"", ""20250430S38"", ""2025Jan_Liver-B15"", ""2025Jan_Liver-B17"", ""2025Jan_Liver-B20"", ""2026Apr-2_Control-20260427S1"", ""2026Apr-2_Control-20260427S10"", ""2026Apr-2_Control-20260427S2"", ""2026Apr-2_Control-20260427S4"", ""2026Apr-2_Control-20260427S6"", ""2026Apr-2_Control-20260427S7"", ""2026Apr-2_Control-20260427S9"", ""2026Apr_Control-20260401S1"", ""2026Apr_Control-20260401S11"", ""2026Apr_Control-20260401S12"", ""2026Apr_Control-20260401S3"", ""2026Apr_Control-20260401S4"", ""2026Apr_Control-20260401S5"", ""2026Apr_Control-20260401S7"", ""2026Apr_Control-20260401S9""]","[""2024Dec_Control-S10"", ""2024Dec_Control-S3"", ""2024Dec_Control-S7"", ""2024Dec_Liver-H1"", ""2024Dec_Liver-H3"", ""2024Dec_Liver-H6"", ""2024Dec_Liver-H9"", ""20250430S26"", ""20250430S30"", ""20250430S32"", ""20250430S35"", ""20250430S39"", ""2025Jan_Liver-B18"", ""2025Jan_Liver-B19"", ""2026Apr-2_Control-20260427S3"", ""2026Apr-2_Control-20260427S5"", ""2026Apr-2_Control-20260427S8"", ""2026Apr_Control-20260401S10"", ""2026Apr_Control-20260401S2"", ""2026Apr_Control-20260401S6"", ""2026Apr_Control-20260401S8""]",0.0,0.1,0.9,0.7,200,100.0,scale,200,10.0,scale,84,1.0,scale,1.0,1.0,1.0,1.0,"10,0,0,11"
control_vs_Liver,Liver,1,3,0,303,"[""2024Dec_Control-S1"", ""2024Dec_Control-S10"", ""2024Dec_Control-S3"", ""2024Dec_Control-S4"", ""2024Dec_Control-S6"", ""2024Dec_Control-S7"", ""2024Dec_Control-S9"", ""2024Dec_Liver-H1"", ""2024Dec_Liver-H2"", ""2024Dec_Liver-H3"", ""2024Dec_Liver-H5"", ""2024Dec_Liver-H6"", ""2024Dec_Liver-H8"", ""2024Dec_Liver-H9"", ""20250430S25"", ""20250430S26"", ""20250430S28"", ""20250430S30"", ""20250430S31"", ""20250430S32"", ""20250430S34"", ""20250430S35"", ""20250430S38"", ""20250430S39"", ""2025Jan_Liver-B17"", ""2025Jan_Liver-B18"", ""2025Jan_Liver-B19"", ""2025Jan_Liver-B20"", ""2026Apr-2_Control-20260427S10"", ""2026Apr-2_Control-20260427S3"", ""2026Apr-2_Control-20260427S4"", ""2026Apr-2_Control-20260427S5"", ""2026Apr-2_Control-20260427S7"", ""2026Apr-2_Control-20260427S8"", ""2026Apr_Control-20260401S1"", ""2026Apr_Control-20260401S10"", ""2026Apr_Control-20260401S12"", ""2026Apr_Control-20260401S2"", ""2026Apr_Control-20260401S5"", ""2026Apr_Control-20260401S6"", ""2026Apr_Control-20260401S7"", ""2026Apr_Control-20260401S8""]","[""2024Dec_Control-S2"", ""2024Dec_Control-S5"", ""2024Dec_Control-S8"", ""2024Dec_Liver-H10"", ""2024Dec_Liver-H4"", ""2024Dec_Liver-H7"", ""20250430S24"", ""20250430S27"", ""20250430S29"", ""20250430S33"", ""20250430S36"", ""20250430S37"", ""2025Jan_Liver-B15"", ""2026Apr-2_Control-20260427S1"", ""2026Apr-2_Control-20260427S2"", ""2026Apr-2_Control-20260427S6"", ""2026Apr-2_Control-20260427S9"", ""2026Apr_Control-20260401S11"", ""2026Apr_Control-20260401S3"", ""2026Apr_Control-20260401S4"", ""2026Apr_Control-20260401S9""]",0.0,0.0,1.0,0.7,200,10.0,scale,200,10.0,scale,84,10.0,scale,1.0,1.0,1.0,1.0,"11,0,0,10"
control_vs_Bile,Bile,8,1,7,308,"[""2024Dec_Bile-S10"", ""2024Dec_Bile-S2"", ""2024Dec_Bile-S4"", ""2024Dec_Bile-S5"", ""2024Dec_Bile-S7"", ""2024Dec_Bile-S8"", ""2024Dec_Control-S1"", ""2024Dec_Control-S10"", ""2024Dec_Control-S3"", ""2024Dec_Control-S4"", ""2024Dec_Control-S5"", ""2024Dec_Control-S7"", ""2024Dec_Control-S8"", ""20250430S1"", ""20250430S11"", ""20250430S12"", ""20250430S14"", ""20250430S15"", ""20250430S16"", ""20250430S18"", ""20250430S19"", ""20250430S20"", ""20250430S22"", ""20250430S23"", ""20250430S4"", ""20250430S5"", ""20250430S7"", ""20250430S8"", ""2025Jan_Bile-B21"", ""2025Jan_Bile-B23"", ""2025Jan_Bile-B25"", ""2025Jan_Bile-B26"", ""2026Apr-2_Control-20260427S1"", ""2026Apr-2_Control-20260427S10"", ""2026Apr-2_Control-20260427S3"", ""2026Apr-2_Control-20260427S4"", ""2026Apr-2_Control-20260427S6"", ""2026Apr-2_Control-20260427S7"", ""2026Apr-2_Control-20260427S8"", ""2026Apr_Control-20260401S1"", ""2026Apr_Control-20260401S10"", ""2026Apr_Control-20260401S12"", ""2026Apr_Control-20260401S3"", ""2026Apr_Control-20260401S4"", ""2026Apr_Control-20260401S5"", ""2026Apr_Control-20260401S7"", ""2026Apr_Control-20260401S9""]","[""2024Dec_Bile-S1"", ""2024Dec_Bile-S3"", ""2024Dec_Bile-S6"", ""2024Dec_Bile-S9"", ""2024Dec_Control-S2"", ""2024Dec_Control-S6"", ""2024Dec_Control-S9"", ""20250430S10"", ""20250430S13"", ""20250430S17"", ""20250430S2"", ""20250430S21"", ""20250430S3"", ""20250430S6"", ""20250430S9"", ""2025Jan_Bile-B24"", ""2025Jan_Bile-B27"", ""2026Apr-2_Control-20260427S2"", ""2026Apr-2_Control-20260427S5"", ""2026Apr-2_Control-20260427S9"", ""2026Apr_Control-20260401S11"", ""2026Apr_Control-20260401S2"", ""2026Apr_Control-20260401S6"", ""2026Apr_Control-20260401S8""]",0.0,0.3,0.7,0.7,200,10.0,scale,200,10.0,scale,84,1.0,scale,0.9583333333333334,0.9642857142857144,0.9576719576719576,1.0,"13,1,0,10"
control_vs_Bile,Bile,8,2,7,309,"[""2024Dec_Bile-S1"", ""2024Dec_Bile-S2"", ""2024Dec_Bile-S3"", ""2024Dec_Bile-S5"", ""2024Dec_Bile-S6"", ""2024Dec_Bile-S8"", ""2024Dec_Bile-S9"", ""2024Dec_Control-S10"", ""2024Dec_Control-S2"", ""2024Dec_Control-S4"", ""2024Dec_Control-S5"", ""2024Dec_Control-S6"", ""2024Dec_Control-S9"", ""20250430S1"", ""20250430S10"", ""20250430S12"", ""20250430S13"", ""20250430S15"", ""20250430S16"", ""20250430S17"", ""20250430S2"", ""20250430S20"", ""20250430S21"", ""20250430S23"", ""20250430S3"", ""20250430S5"", ""20250430S6"", ""20250430S7"", ""20250430S9"", ""2025Jan_Bile-B21"", ""2025Jan_Bile-B24"", ""2025Jan_Bile-B26"", ""2025Jan_Bile-B27"", ""2026Apr-2_Control-20260427S10"", ""2026Apr-2_Control-20260427S2"", ""2026Apr-2_Control-20260427S4"", ""2026Apr-2_Control-20260427S5"", ""2026Apr-2_Control-20260427S7"", ""2026Apr-2_Control-20260427S9"", ""2026Apr_Control-20260401S1"", ""2026Apr_Control-20260401S11"", ""2026Apr_Control-20260401S12"", ""2026Apr_Control-20260401S2"", ""2026Apr_Control-20260401S4"", ""2026Apr_Control-20260401S5"", ""2026Apr_Control-20260401S6"", ""2026Apr_Control-20260401S8""]","[""2024Dec_Bile-S10"", ""2024Dec_Bile-S4"", ""2024Dec_Bile-S7"", ""2024Dec_Control-S1"", ""2024Dec_Control-S3"", ""2024Dec_Control-S7"", ""2024Dec_Control-S8"", ""20250430S11"", ""20250430S14"", ""20250430S18"", ""20250430S19"", ""20250430S22"", ""20250430S4"", ""20250430S8"", ""2025Jan_Bile-B23"", ""2025Jan_Bile-B25"", ""2026Apr-2_Control-20260427S1"", ""2026Apr-2_Control-20260427S3"", ""2026Apr-2_Control-20260427S6"", ""2026Apr-2_Control-20260427S8"", ""2026Apr_Control-20260401S10"", ""2026Apr_Control-20260401S3"", ""2026Apr_Control-20260401S7"", ""2026Apr_Control-20260401S9""]",0.0,0.1,0.9,0.7,200,10.0,scale,200,10.0,scale,84,1.0,scale,1.0,1.0,1.0,1.0,"12,0,0,12"
control_vs_Bile,Bile,8,3,7,310,"[""2024Dec_Bile-S1"", ""2024Dec_Bile-S10"", ""2024Dec_Bile-S3"", ""2024Dec_Bile-S4"", ""2024Dec_Bile-S6"", ""2024Dec_Bile-S7"", ""2024Dec_Bile-S9"", ""2024Dec_Control-S1"", ""2024Dec_Control-S2"", ""2024Dec_Control-S3"", ""2024Dec_Control-S6"", ""2024Dec_Control-S7"", ""2024Dec_Control-S8"", ""2024Dec_Control-S9"", ""20250430S10"", ""20250430S11"", ""20250430S13"", ""20250430S14"", ""20250430S17"", ""20250430S18"", ""20250430S19"", ""20250430S2"", ""20250430S21"", ""20250430S22"", ""20250430S3"", ""20250430S4"", ""20250430S6"", ""20250430S8"", ""20250430S9"", ""2025Jan_Bile-B23"", ""2025Jan_Bile-B24"", ""2025Jan_Bile-B25"", ""2025Jan_Bile-B27"", ""2026Apr-2_Control-20260427S1"", ""2026Apr-2_Control-20260427S2"", ""2026Apr-2_Control-20260427S3"", ""2026Apr-2_Control-20260427S5"", ""2026Apr-2_Control-20260427S6"", ""2026Apr-2_Control-20260427S8"", ""2026Apr-2_Control-20260427S9"", ""2026Apr_Control-20260401S10"", ""2026Apr_Control-20260401S11"", ""2026Apr_Control-20260401S2"", ""2026Apr_Control-20260401S3"", ""2026Apr_Control-20260401S6"", ""2026Apr_Control-20260401S7"", ""2026Apr_Control-20260401S8"", ""2026Apr_Control-20260401S9""]","[""2024Dec_Bile-S2"", ""2024Dec_Bile-S5"", ""2024Dec_Bile-S8"", ""2024Dec_Control-S10"", ""2024Dec_Control-S4"", ""2024Dec_Control-S5"", ""20250430S1"", ""20250430S12"", ""20250430S15"", ""20250430S16"", ""20250430S20"", ""20250430S23"", ""20250430S5"", ""20250430S7"", ""2025Jan_Bile-B21"", ""2025Jan_Bile-B26"", ""2026Apr-2_Control-20260427S10"", ""2026Apr-2_Control-20260427S4"", ""2026Apr-2_Control-20260427S7"", ""2026Apr_Control-20260401S1"", ""2026Apr_Control-20260401S12"", ""2026Apr_Control-20260401S4"", ""2026Apr_Control-20260401S5""]",0.0,0.0,1.0,0.7,100,10.0,scale,200,100.0,scale,84,100.0,scale,1.0,1.0,1.0,1.0,"13,0,0,10"
control_vs_Pancreas,Pancreas,2,1,1,302,"[""2024Dec_Control-S10"", ""2024Dec_Control-S2"", ""2024Dec_Control-S3"", ""2024Dec_Control-S5"", ""2024Dec_Control-S6"", ""2024Dec_Control-S8"", ""2024Dec_Control-S9"", ""20250430S41"", ""20250430S43"", ""20250430S44"", ""20250430S46"", ""20250430S47"", ""20250430S48"", ""20250430S50"", ""2025Jan_Pancreas-B10"", ""2025Jan_Pancreas-B11"", ""2025Jan_Pancreas-B13"", ""2025Jan_Pancreas-B14"", ""2025Jan_Pancreas-B2"", ""2025Jan_Pancreas-B4"", ""2025Jan_Pancreas-B5"", ""2025Jan_Pancreas-B7"", ""2025Jan_Pancreas-B8"", ""2026Apr-2_Control-20260427S1"", ""2026Apr-2_Control-20260427S2"", ""2026Apr-2_Control-20260427S3"", ""2026Apr-2_Control-20260427S4"", ""2026Apr-2_Control-20260427S6"", ""2026Apr-2_Control-20260427S8"", ""2026Apr-2_Control-20260427S9"", ""2026Apr_Control-20260401S1"", ""2026Apr_Control-20260401S10"", ""2026Apr_Control-20260401S2"", ""2026Apr_Control-20260401S3"", ""2026Apr_Control-20260401S4"", ""2026Apr_Control-20260401S6"", ""2026Apr_Control-20260401S8"", ""2026Apr_Control-20260401S9""]","[""2024Dec_Control-S1"", ""2024Dec_Control-S4"", ""2024Dec_Control-S7"", ""20250430S40"", ""20250430S42"", ""20250430S45"", ""20250430S49"", ""2025Jan_Pancreas-B1"", ""2025Jan_Pancreas-B12"", ""2025Jan_Pancreas-B3"", ""2025Jan_Pancreas-B6"", ""2025Jan_Pancreas-B9"", ""2026Apr-2_Control-20260427S10"", ""2026Apr-2_Control-20260427S5"", ""2026Apr-2_Control-20260427S7"", ""2026Apr_Control-20260401S11"", ""2026Apr_Control-20260401S12"", ""2026Apr_Control-20260401S5"", ""2026Apr_Control-20260401S7""]",0.0,0.0,1.0,0.7,100,10.0,scale,100,10.0,scale,84,10.0,scale,1.0,1.0,1.0,1.0,"10,0,0,9"
control_vs_Pancreas,Pancreas,2,2,1,303,"[""2024Dec_Control-S1"", ""2024Dec_Control-S2"", ""2024Dec_Control-S4"", ""2024Dec_Control-S5"", ""2024Dec_Control-S6"", ""2024Dec_Control-S7"", ""20250430S40"", ""20250430S41"", ""20250430S42"", ""20250430S43"", ""20250430S45"", ""20250430S47"", ""20250430S49"", ""20250430S50"", ""2025Jan_Pancreas-B1"", ""2025Jan_Pancreas-B10"", ""2025Jan_Pancreas-B12"", ""2025Jan_Pancreas-B14"", ""2025Jan_Pancreas-B3"", ""2025Jan_Pancreas-B4"", ""2025Jan_Pancreas-B6"", ""2025Jan_Pancreas-B7"", ""2025Jan_Pancreas-B8"", ""2025Jan_Pancreas-B9"", ""2026Apr-2_Control-20260427S10"", ""2026Apr-2_Control-20260427S3"", ""2026Apr-2_Control-20260427S5"", ""2026Apr-2_Control-20260427S6"", ""2026Apr-2_Control-20260427S7"", ""2026Apr-2_Control-20260427S9"", ""2026Apr_Control-20260401S10"", ""2026Apr_Control-20260401S11"", ""2026Apr_Control-20260401S12"", ""2026Apr_Control-20260401S3"", ""2026Apr_Control-20260401S4"", ""2026Apr_Control-20260401S5"", ""2026Apr_Control-20260401S7"", ""2026Apr_Control-20260401S9""]","[""2024Dec_Control-S10"", ""2024Dec_Control-S3"", ""2024Dec_Control-S8"", ""2024Dec_Control-S9"", ""20250430S44"", ""20250430S46"", ""20250430S48"", ""2025Jan_Pancreas-B11"", ""2025Jan_Pancreas-B13"", ""2025Jan_Pancreas-B2"", ""2025Jan_Pancreas-B5"", ""2026Apr-2_Control-20260427S1"", ""2026Apr-2_Control-20260427S2"", ""2026Apr-2_Control-20260427S4"", ""2026Apr-2_Control-20260427S8"", ""2026Apr_Control-20260401S1"", ""2026Apr_Control-20260401S2"", ""2026Apr_Control-20260401S6"", ""2026Apr_Control-20260401S8""]",0.0,0.0,1.0,0.7,200,10.0,scale,200,100.0,scale,84,1.0,scale,1.0,1.0,1.0,1.0,"12,0,0,7"
control_vs_Pancreas,Pancreas,2,3,1,304,"[""2024Dec_Control-S1"", ""2024Dec_Control-S10"", ""2024Dec_Control-S3"", ""2024Dec_Control-S4"", ""2024Dec_Control-S7"", ""2024Dec_Control-S8"", ""2024Dec_Control-S9"", ""20250430S40"", ""20250430S42"", ""20250430S44"", ""20250430S45"", ""20250430S46"", ""20250430S48"", ""20250430S49"", ""2025Jan_Pancreas-B1"", ""2025Jan_Pancreas-B11"", ""2025Jan_Pancreas-B12"", ""2025Jan_Pancreas-B13"", ""2025Jan_Pancreas-B2"", ""2025Jan_Pancreas-B3"", ""2025Jan_Pancreas-B5"", ""2025Jan_Pancreas-B6"", ""2025Jan_Pancreas-B9"", ""2026Apr-2_Control-20260427S1"", ""2026Apr-2_Control-20260427S10"", ""2026Apr-2_Control-20260427S2"", ""2026Apr-2_Control-20260427S4"", ""2026Apr-2_Control-20260427S5"", ""2026Apr-2_Control-20260427S7"", ""2026Apr-2_Control-20260427S8"", ""2026Apr_Control-20260401S1"", ""2026Apr_Control-20260401S11"", ""2026Apr_Control-20260401S12"", ""2026Apr_Control-20260401S2"", ""2026Apr_Control-20260401S5"", ""2026Apr_Control-20260401S6"", ""2026Apr_Control-20260401S7"", ""2026Apr_Control-20260401S8""]","[""2024Dec_Control-S2"", ""2024Dec_Control-S5"", ""2024Dec_Control-S6"", ""20250430S41"", ""20250430S43"", ""20250430S47"", ""20250430S50"", ""2025Jan_Pancreas-B10"", ""2025Jan_Pancreas-B14"", ""2025Jan_Pancreas-B4"", ""2025Jan_Pancreas-B7"", ""2025Jan_Pancreas-B8"", ""2026Apr-2_Control-20260427S3"", ""2026Apr-2_Control-20260427S6"", ""2026Apr-2_Control-20260427S9"", ""2026Apr_Control-20260401S10"", ""2026Apr_Control-20260401S3"", ""2026Apr_Control-20260401S4"", ""2026Apr_Control-20260401S9""]",0.0,0.0,1.0,0.7,200,100.0,scale,100,10.0,scale,84,1.0,scale,1.0,1.0,1.0,1.0,"10,0,0,9"
